Fund Holdings as of,"Mar 31, 2026"
 
Ticker,Name,Sector,Asset Class,Market Value,Weight (%),Notional Value,Shares,Price,Location,Exchange,Currency,FX Rate,Market Currency
"RY","ROYAL BANK OF CANADA","Financials","Equity","1,786,179,562.56","6.69","1,786,179,562.56","7,942,812.00","224.88","Canada","Toronto Stock Exchange","CAD","1.00","CAD"
"TD","TORONTO DOMINION","Financials","Equity","1,239,139,413.12","4.64","1,239,139,413.12","9,537,711.00","129.92","Canada","Toronto Stock Exchange","CAD","1.00","CAD"
"SHOP","SHOPIFY SUBORDINATE VOTING INC CLA","Information Technology","Equity","1,150,018,906.68","4.31","1,150,018,906.68","6,967,278.00","165.06","Canada","Toronto Stock Exchange","CAD","1.00","CAD"
"ENB","ENBRIDGE INC","Energy","Equity","934,983,026.01","3.50","934,983,026.01","12,398,661.00","75.41","Canada","Toronto Stock Exchange","CAD","1.00","CAD"
"AEM","AGNICO EAGLE MINES LTD","Materials","Equity","803,962,169.78","3.01","803,962,169.78","2,847,194.00","282.37","Canada","Toronto Stock Exchange","CAD","1.00","CAD"
"CNQ","CANADIAN NATURAL RESOURCES LTD","Energy","Equity","802,763,238.42","3.01","802,763,238.42","11,829,697.00","67.86","Canada","Toronto Stock Exchange","CAD","1.00","CAD"
"BMO","BANK OF MONTREAL","Financials","Equity","756,194,653.32","2.83","756,194,653.32","4,013,346.00","188.42","Canada","Toronto Stock Exchange","CAD","1.00","CAD"
"BN","BROOKFIELD CORP CLASS A","Financials","Equity","706,041,127.14","2.65","706,041,127.14","12,525,122.00","56.37","Canada","Toronto Stock Exchange","CAD","1.00","CAD"
"CM","CANADIAN IMPERIAL BANK OF COMMERCE","Financials","Equity","695,845,323.52","2.61","695,845,323.52","5,277,953.00","131.84","Canada","Toronto Stock Exchange","CAD","1.00","CAD"
"BNS","BANK OF NOVA SCOTIA","Financials","Equity","675,835,248.44","2.53","675,835,248.44","7,005,652.00","96.47","Canada","Toronto Stock Exchange","CAD","1.00","CAD"
"SU","SUNCOR ENERGY INC","Energy","Equity","622,183,765.32","2.33","622,183,765.32","6,762,132.00","92.01","Canada","Toronto Stock Exchange","CAD","1.00","CAD"
"CP","CANADIAN PACIFIC KANSAS CITY LTD","Industrials","Equity","558,486,602.04","2.09","558,486,602.04","5,101,732.00","109.47","Canada","Toronto Stock Exchange","CAD","1.00","CAD"
"ABX","BARRICK MINING CORP","Materials","Equity","541,250,089.50","2.03","541,250,089.50","9,520,670.00","56.85","Canada","Toronto Stock Exchange","CAD","1.00","CAD"
"TRP","TC ENERGY CORP","Energy","Equity","515,119,671.29","1.93","515,119,671.29","5,913,439.00","87.11","Canada","Toronto Stock Exchange","CAD","1.00","CAD"
"WPM","WHEATON PRECIOUS METALS CORP","Materials","Equity","471,135,207.40","1.77","471,135,207.40","2,580,149.00","182.60","Canada","Toronto Stock Exchange","CAD","1.00","CAD"
"MFC","MANULIFE FINANCIAL CORP","Financials","Equity","456,606,822.16","1.71","456,606,822.16","9,528,523.00","47.92","Canada","Toronto Stock Exchange","CAD","1.00","CAD"
"CNR","CANADIAN NATIONAL RAILWAY","Industrials","Equity","443,988,150.62","1.66","443,988,150.62","3,100,909.00","143.18","Canada","Toronto Stock Exchange","CAD","1.00","CAD"
"NA","NATIONAL BANK OF CANADA","Financials","Equity","397,253,988.44","1.49","397,253,988.44","2,206,844.00","180.01","Canada","Toronto Stock Exchange","CAD","1.00","CAD"
"FNV","FRANCO NEVADA CORP","Materials","Equity","377,384,931.20","1.41","377,384,931.20","1,095,616.00","344.45","Canada","Toronto Stock Exchange","CAD","1.00","CAD"
"CCO","CAMECO CORP","Energy","Equity","374,421,025.60","1.40","374,421,025.60","2,475,020.00","151.28","Canada","Toronto Stock Exchange","CAD","1.00","CAD"
"ATD","ALIMENTATION COUCHE TARD INC","Consumer Staples","Equity","333,976,902.30","1.25","333,976,902.30","4,235,598.00","78.85","Canada","Toronto Stock Exchange","CAD","1.00","CAD"
"WCN","WASTE CONNECTIONS INC","Industrials","Equity","328,386,266.16","1.23","328,386,266.16","1,452,908.00","226.02","United States","Toronto Stock Exchange","CAD","1.00","CAD"
"K","KINROSS GOLD CORP","Materials","Equity","289,988,763.56","1.09","289,988,763.56","6,818,452.00","42.53","Canada","Toronto Stock Exchange","CAD","1.00","CAD"
"NTR","NUTRIEN LTD","Materials","Equity","287,297,174.03","1.08","287,297,174.03","2,735,903.00","105.01","Canada","Toronto Stock Exchange","CAD","1.00","CAD"
"CVE","CENOVUS ENERGY","Energy","Equity","284,006,878.48","1.06","284,006,878.48","7,692,494.00","36.92","Canada","Toronto Stock Exchange","CAD","1.00","CAD"
"FFH","FAIRFAX FINANCIAL HOLDINGS SUB VOT","Financials","Equity","277,197,072.40","1.04","277,197,072.40","116,945.00","2,370.32","Canada","Toronto Stock Exchange","CAD","1.00","CAD"
"CSU","CONSTELLATION SOFTWARE INC","Information Technology","Equity","276,350,240.34","1.04","276,350,240.34","113,166.00","2,441.99","Canada","Toronto Stock Exchange","CAD","1.00","CAD"
"SLF","SUN LIFE FINANCIAL INC","Financials","Equity","274,308,372.45","1.03","274,308,372.45","3,147,543.00","87.15","Canada","Toronto Stock Exchange","CAD","1.00","CAD"
"DOL","DOLLARAMA INC","Consumer Discretionary","Equity","264,795,400.80","0.99","264,795,400.80","1,550,960.00","170.73","Canada","Toronto Stock Exchange","CAD","1.00","CAD"
"CLS","CELESTICA INC","Information Technology","Equity","256,243,981.28","0.96","256,243,981.28","652,984.00","392.42","Canada","Toronto Stock Exchange","CAD","1.00","CAD"
"IFC","INTACT FINANCIAL CORP","Financials","Equity","254,357,038.64","0.95","254,357,038.64","1,009,033.00","252.08","Canada","Toronto Stock Exchange","CAD","1.00","CAD"
"FTS","FORTIS INC","Utilities","Equity","223,753,122.45","0.84","223,753,122.45","2,883,045.00","77.61","Canada","Toronto Stock Exchange","CAD","1.00","CAD"
"PPL","PEMBINA PIPELINE CORP","Energy","Equity","205,626,312.71","0.77","205,626,312.71","3,302,173.00","62.27","Canada","Toronto Stock Exchange","CAD","1.00","CAD"
"POW","POWER CORPORATION OF CANADA","Financials","Equity","203,070,720.08","0.76","203,070,720.08","3,032,264.00","66.97","Canada","Toronto Stock Exchange","CAD","1.00","CAD"
"L","LOBLAW COMPANIES LTD","Consumer Staples","Equity","202,728,054.90","0.76","202,728,054.90","3,196,595.00","63.42","Canada","Toronto Stock Exchange","CAD","1.00","CAD"
"QSR","RESTAURANTS BRANDS INTERNATIONAL I","Consumer Discretionary","Equity","202,589,419.96","0.76","202,589,419.96","1,968,034.00","102.94","Canada","Toronto Stock Exchange","CAD","1.00","CAD"
"BCE","BCE INC","Communication","Equity","186,007,009.50","0.70","186,007,009.50","5,299,345.00","35.10","Canada","Toronto Stock Exchange","CAD","1.00","CAD"
"TECK.B","TECK RESOURCES SUBORDINATE VOTING","Materials","Equity","183,430,907.80","0.69","183,430,907.80","2,544,118.00","72.10","Canada","Toronto Stock Exchange","CAD","1.00","CAD"
"PAAS","PAN AMERICAN SILVER CORP","Materials","Equity","182,444,346.90","0.68","182,444,346.90","2,397,429.00","76.10","Canada","Toronto Stock Exchange","CAD","1.00","CAD"
"WSP","WSP GLOBAL INC","Industrials","Equity","165,860,217.00","0.62","165,860,217.00","766,098.00","216.50","Canada","Toronto Stock Exchange","CAD","1.00","CAD"
"T","TELUS","Communication","Equity","157,355,908.08","0.59","157,355,908.08","8,800,666.00","17.88","Canada","Toronto Stock Exchange","CAD","1.00","CAD"
"IMO","IMPERIAL OIL LTD","Energy","Equity","155,224,881.21","0.58","155,224,881.21","851,901.00","182.21","Canada","Toronto Stock Exchange","CAD","1.00","CAD"
"AGI","ALAMOS GOLD INC CLASS A","Materials","Equity","147,671,706.15","0.55","147,671,706.15","2,386,035.00","61.89","Canada","Toronto Stock Exchange","CAD","1.00","CAD"
"RBA","RB GLOBAL INC","Industrials","Equity","140,777,033.61","0.53","140,777,033.61","1,055,221.00","133.41","Canada","Toronto Stock Exchange","CAD","1.00","CAD"
"TOU","TOURMALINE OIL CORP","Energy","Equity","139,151,001.56","0.52","139,151,001.56","2,089,982.00","66.58","Canada","Toronto Stock Exchange","CAD","1.00","CAD"
"LUN","LUNDIN MINING CORP","Materials","Equity","133,055,021.36","0.50","133,055,021.36","3,835,544.00","34.69","Canada","Toronto Stock Exchange","CAD","1.00","CAD"
"BAM","BROOKFIELD ASSET MANAGEMENT VOTING","Financials","Equity","132,413,984.65","0.50","132,413,984.65","2,140,889.00","61.85","Canada","Toronto Stock Exchange","CAD","1.00","CAD"
"BIP.UN","BROOKFIELD INFRASTRUCTURE PARTNERS","Utilities","Equity","131,315,138.76","0.49","131,315,138.76","2,616,882.00","50.18","Bermuda","Toronto Stock Exchange","CAD","1.00","CAD"
"FM","FIRST QUANTUM MINERALS LTD","Materials","Equity","127,713,843.38","0.48","127,713,843.38","3,839,863.00","33.26","Canada","Toronto Stock Exchange","CAD","1.00","CAD"
"EMA","EMERA INC","Utilities","Equity","123,654,083.78","0.46","123,654,083.78","1,714,798.00","72.11","Canada","Toronto Stock Exchange","CAD","1.00","CAD"
"BBD.B","BOMBARDIER INC CLASS B","Industrials","Equity","121,578,655.64","0.46","121,578,655.64","494,182.00","246.02","Canada","Toronto Stock Exchange","CAD","1.00","CAD"
"RCI.B","ROGERS COMMUNICATIONS NON-VOTING I","Communication","Equity","117,403,610.00","0.44","117,403,610.00","2,194,460.00","53.50","Canada","Toronto Stock Exchange","CAD","1.00","CAD"
"MG","MAGNA INTERNATIONAL INC","Consumer Discretionary","Equity","115,730,131.60","0.43","115,730,131.60","1,489,640.00","77.69","Canada","Toronto Stock Exchange","CAD","1.00","CAD"
"GIB.A","CGI INC CLASS A","Information Technology","Equity","110,172,321.90","0.41","110,172,321.90","1,083,307.00","101.70","Canada","Toronto Stock Exchange","CAD","1.00","CAD"
"WCP","WHITECAP RESOURCES INC","Energy","Equity","108,294,816.30","0.41","108,294,816.30","6,897,759.00","15.70","Canada","Toronto Stock Exchange","CAD","1.00","CAD"
"MRU","METRO INC","Consumer Staples","Equity","104,680,201.34","0.39","104,680,201.34","1,099,813.00","95.18","Canada","Toronto Stock Exchange","CAD","1.00","CAD"
"H","HYDRO ONE LTD","Utilities","Equity","103,781,127.00","0.39","103,781,127.00","1,806,460.00","57.45","Canada","Toronto Stock Exchange","CAD","1.00","CAD"
"GWO","GREAT WEST LIFECO INC","Financials","Equity","97,052,912.60","0.36","97,052,912.60","1,489,684.00","65.15","Canada","Toronto Stock Exchange","CAD","1.00","CAD"
"TRI","THOMSON REUTERS CORP","Industrials","Equity","95,255,842.88","0.36","95,255,842.88","758,648.00","125.56","Canada","Toronto Stock Exchange","CAD","1.00","CAD"
"ARX","ARC RESOURCES LTD","Energy","Equity","93,999,810.45","0.35","93,999,810.45","3,246,971.00","28.95","Canada","Toronto Stock Exchange","CAD","1.00","CAD"
"TIH","TOROMONT INDUSTRIES LTD","Industrials","Equity","90,146,418.84","0.34","90,146,418.84","462,859.00","194.76","Canada","Toronto Stock Exchange","CAD","1.00","CAD"
"EQX","EQUINOX GOLD CORP","Materials","Equity","89,694,135.44","0.34","89,694,135.44","4,464,616.00","20.09","Canada","Toronto Stock Exchange","CAD","1.00","CAD"
"GFL","GFL ENVIRONMENTAL SUBORDINATE VOTI","Industrials","Equity","87,885,100.31","0.33","87,885,100.31","1,514,477.00","58.03","Canada","Toronto Stock Exchange","CAD","1.00","CAD"
"IMG","IAMGOLD CORP","Materials","Equity","87,001,593.84","0.33","87,001,593.84","3,325,749.00","26.16","Canada","Toronto Stock Exchange","CAD","1.00","CAD"
"WN","GEORGE WESTON LTD","Consumer Staples","Equity","86,901,239.88","0.33","86,901,239.88","884,221.00","98.28","Canada","Toronto Stock Exchange","CAD","1.00","CAD"
"ALA","ALTAGAS LTD","Utilities","Equity","85,351,596.25","0.32","85,351,596.25","1,768,945.00","48.25","Canada","Toronto Stock Exchange","CAD","1.00","CAD"
"ATRL","ATKINSREALIS GROUP INC","Industrials","Equity","83,662,273.00","0.31","83,662,273.00","934,774.00","89.50","Canada","Toronto Stock Exchange","CAD","1.00","CAD"
"GIL","GILDAN ACTIVEWEAR INC","Consumer Discretionary","Equity","81,519,047.02","0.31","81,519,047.02","1,052,266.00","77.47","Canada","Toronto Stock Exchange","CAD","1.00","CAD"
"IAG","IA FINANCIAL INC","Financials","Equity","80,172,467.22","0.30","80,172,467.22","519,319.00","154.38","Canada","Toronto Stock Exchange","CAD","1.00","CAD"
"AG","FIRST MAJESTIC SILVER CORP","Materials","Equity","78,522,322.20","0.29","78,522,322.20","2,633,210.00","29.82","Canada","Toronto Stock Exchange","CAD","1.00","CAD"
"X","TMX GROUP LTD","Financials","Equity","77,988,855.46","0.29","77,988,855.46","1,580,962.00","49.33","Canada","Toronto Stock Exchange","CAD","1.00","CAD"
"STN","STANTEC INC","Industrials","Equity","77,945,075.88","0.29","77,945,075.88","648,138.00","120.26","Canada","Toronto Stock Exchange","CAD","1.00","CAD"
"CCL.B","CCL INDUSTRIES INC CLASS B","Materials","Equity","71,191,503.56","0.27","71,191,503.56","816,791.00","87.16","Canada","Toronto Stock Exchange","CAD","1.00","CAD"
"KEY","KEYERA CORP","Energy","Equity","70,112,815.70","0.26","70,112,815.70","1,302,970.00","53.81","Canada","Toronto Stock Exchange","CAD","1.00","CAD"
"EFN","ELEMENT FLEET MANAGEMENT CORP","Industrials","Equity","68,420,099.23","0.26","68,420,099.23","2,267,819.00","30.17","Canada","Toronto Stock Exchange","CAD","1.00","CAD"
"TFII","TFI INTERNATIONAL INC","Industrials","Equity","66,441,278.96","0.25","66,441,278.96","438,788.00","151.42","Canada","Toronto Stock Exchange","CAD","1.00","CAD"
"CAE","CAE INC","Industrials","Equity","66,237,506.10","0.25","66,237,506.10","1,828,755.00","36.22","Canada","Toronto Stock Exchange","CAD","1.00","CAD"
"HBM","HUDBAY MINERALS INC","Materials","Equity","65,693,335.14","0.25","65,693,335.14","2,255,178.00","29.13","Canada","Toronto Stock Exchange","CAD","1.00","CAD"
"CAD","CAD CASH","Cash and/or Derivatives","Cash","64,919,265.73","0.24","64,919,265.73","64,919,266.00","100.00","Canada","-","CAD","1.00","CAD"
"FTT","FINNING INTERNATIONAL INC","Industrials","Equity","63,991,097.28","0.24","63,991,097.28","743,391.00","86.08","Canada","Toronto Stock Exchange","CAD","1.00","CAD"
"ATZ","ARITZIA SUBORDINATE VOTING INC","Consumer Discretionary","Equity","62,852,164.32","0.24","62,852,164.32","553,666.00","113.52","Canada","Toronto Stock Exchange","CAD","1.00","CAD"
"DPM","DPM METALS INC","Materials","Equity","61,774,065.80","0.23","61,774,065.80","1,261,210.00","48.98","Canada","Toronto Stock Exchange","CAD","1.00","CAD"
"NXE","NEXGEN ENERGY LTD","Energy","Equity","60,478,145.58","0.23","60,478,145.58","3,747,097.00","16.14","Canada","Toronto Stock Exchange","CAD","1.00","CAD"
"SAP","SAPUTO INC","Consumer Staples","Equity","59,950,245.10","0.22","59,950,245.10","1,379,435.00","43.46","Canada","Toronto Stock Exchange","CAD","1.00","CAD"
"LUG","LUNDIN GOLD INC","Materials","Equity","59,864,330.41","0.22","59,864,330.41","563,111.00","106.31","Canada","Toronto Stock Exchange","CAD","1.00","CAD"
"BEP.UN","BROOKFIELD RENEWABLE PARTNERS NON","Utilities","Equity","59,266,597.66","0.22","59,266,597.66","1,306,007.00","45.38","Bermuda","Toronto Stock Exchange","CAD","1.00","CAD"
"CPX","CAPITAL POWER CORP","Utilities","Equity","58,439,224.69","0.22","58,439,224.69","886,921.00","65.89","Canada","Toronto Stock Exchange","CAD","1.00","CAD"
"OR","OR ROYALTIES INC","Materials","Equity","56,565,762.51","0.21","56,565,762.51","1,067,883.00","52.97","Canada","Toronto Stock Exchange","CAD","1.00","CAD"
"OGC","OCEANAGOLD CORPORATION CORP","Materials","Equity","55,978,605.72","0.21","55,978,605.72","1,276,302.00","43.86","Canada","Toronto Stock Exchange","CAD","1.00","CAD"
"SOBO","SOUTH BOW CORP","Energy","Equity","54,770,158.56","0.21","54,770,158.56","1,183,452.00","46.28","Canada","Toronto Stock Exchange","CAD","1.00","CAD"
"ELD","ELDORADO GOLD CORP","Materials","Equity","54,546,795.51","0.20","54,546,795.51","1,141,863.00","47.77","Canada","Toronto Stock Exchange","CAD","1.00","CAD"
"CTC.A","CANADIAN TIRE LTD CLASS A","Consumer Discretionary","Equity","52,637,390.04","0.20","52,637,390.04","281,363.00","187.08","Canada","Toronto Stock Exchange","CAD","1.00","CAD"
"QBR.B","QUEBECOR INC CLASS B","Communication","Equity","51,066,015.00","0.19","51,066,015.00","864,500.00","59.07","Canada","Toronto Stock Exchange","CAD","1.00","CAD"
"IVN","IVANHOE MINES LTD CLASS A","Materials","Equity","50,914,061.99","0.19","50,914,061.99","4,282,091.00","11.89","Canada","Toronto Stock Exchange","CAD","1.00","CAD"
"DSG","DESCARTES SYSTEMS GROUP INC","Information Technology","Equity","48,705,426.96","0.18","48,705,426.96","488,814.00","99.64","Canada","Toronto Stock Exchange","CAD","1.00","CAD"
"BTO","B2GOLD CORP","Materials","Equity","48,090,510.56","0.18","48,090,510.56","7,609,258.00","6.32","Canada","Toronto Stock Exchange","CAD","1.00","CAD"
"SSRM","SSR MINING INC","Materials","Equity","47,246,581.44","0.18","47,246,581.44","1,156,304.00","40.86","Canada","Toronto Stock Exchange","CAD","1.00","CAD"
"FSV","FIRSTSERVICE SUBORDINATE VOTING CO","Real Estate","Equity","45,252,523.28","0.17","45,252,523.28","233,839.00","193.52","Canada","Toronto Stock Exchange","CAD","1.00","CAD"
"GMIN","G MINING VENTURES CORP","Materials","Equity","44,946,572.38","0.17","44,946,572.38","920,659.00","48.82","Canada","Toronto Stock Exchange","CAD","1.00","CAD"
"OTEX","OPEN TEXT CORP","Information Technology","Equity","44,150,634.00","0.17","44,150,634.00","1,424,214.00","31.00","Canada","Toronto Stock Exchange","CAD","1.00","CAD"
"PSK","PRAIRIESKY ROYALTY LTD","Energy","Equity","42,501,617.20","0.16","42,501,617.20","1,319,926.00","32.20","Canada","Toronto Stock Exchange","CAD","1.00","CAD"
"CIGI","COLLIERS INTERNATIONAL GROUP SUBOR","Real Estate","Equity","37,442,926.23","0.14","37,442,926.23","251,751.00","148.73","Canada","Toronto Stock Exchange","CAD","1.00","CAD"
"CS","CAPSTONE COPPER CORP","Materials","Equity","37,330,228.01","0.14","37,330,228.01","3,558,649.00","10.49","Canada","Toronto Stock Exchange","CAD","1.00","CAD"
"EMP.A","EMPIRE LTD CLASS A","Consumer Staples","Equity","36,636,162.09","0.14","36,636,162.09","735,223.00","49.83","Canada","Toronto Stock Exchange","CAD","1.00","CAD"
"CSH.UN","CHARTWELL RETIREMENT RESIDENCES RE","Health Care","Equity","36,261,813.24","0.14","36,261,813.24","1,802,277.00","20.12","Canada","Toronto Stock Exchange","CAD","1.00","CAD"
"CU","CANADIAN UTILITIES LTD CLASS A","Utilities","Equity","35,955,683.12","0.13","35,955,683.12","735,892.00","48.86","Canada","Toronto Stock Exchange","CAD","1.00","CAD"
"DFY","DEFINITY FINANCIAL CORP","Financials","Equity","35,161,122.57","0.13","35,161,122.57","536,893.00","65.49","Canada","Toronto Stock Exchange","CAD","1.00","CAD"
"NPI","NORTHLAND POWER INC","Utilities","Equity","34,687,651.26","0.13","34,687,651.26","1,486,189.00","23.34","Canada","Toronto Stock Exchange","CAD","1.00","CAD"
"EFR","ENERGY FUELS INC","Energy","Equity","34,391,740.17","0.13","34,391,740.17","1,348,167.00","25.51","Canada","Toronto Stock Exchange","CAD","1.00","CAD"
"OLA","ORLA MINING LTD","Materials","Equity","34,233,303.14","0.13","34,233,303.14","1,530,322.00","22.37","Canada","Toronto Stock Exchange","CAD","1.00","CAD"
"TXG","TOREX GOLD RESOURCES INC","Materials","Equity","33,948,151.10","0.13","33,948,151.10","531,686.00","63.85","Canada","Toronto Stock Exchange","CAD","1.00","CAD"
"AQN","ALGONQUIN POWER UTILITIES CORP","Utilities","Equity","33,758,199.60","0.13","33,758,199.60","3,962,230.00","8.52","Canada","Toronto Stock Exchange","CAD","1.00","CAD"
"ONEX","ONEX CORP","Financials","Equity","33,350,944.32","0.13","33,350,944.32","328,516.00","101.52","Canada","Toronto Stock Exchange","CAD","1.00","CAD"
"KNT","K92 MINING INC","Materials","Equity","32,724,498.84","0.12","32,724,498.84","1,386,044.00","23.61","Canada","Toronto Stock Exchange","CAD","1.00","CAD"
"DSV","DISCOVERY SILVER CORP","Materials","Equity","32,011,261.32","0.12","32,011,261.32","3,580,678.00","8.94","Canada","Toronto Stock Exchange","CAD","1.00","CAD"
"TVE","TAMARACK VALLEY ENERGY LTD","Energy","Equity","31,798,374.00","0.12","31,798,374.00","2,765,076.00","11.50","Canada","Toronto Stock Exchange","CAD","1.00","CAD"
"PEY","PEYTO EXPLORATION & DEVELOPMENT CO","Energy","Equity","31,693,864.14","0.12","31,693,864.14","1,166,073.00","27.18","Canada","Toronto Stock Exchange","CAD","1.00","CAD"
"EIF","EXCHANGE INCOME CORP","Industrials","Equity","31,437,674.84","0.12","31,437,674.84","301,156.00","104.39","Canada","Toronto Stock Exchange","CAD","1.00","CAD"
"REI.UN","RIOCAN REAL ESTATE INVESTMENT TRUS","Real Estate","Equity","31,434,184.98","0.12","31,434,184.98","1,655,302.00","18.99","Canada","Toronto Stock Exchange","CAD","1.00","CAD"
"MX","METHANEX CORP","Materials","Equity","31,359,939.48","0.12","31,359,939.48","378,332.00","82.89","Canada","Toronto Stock Exchange","CAD","1.00","CAD"
"CAR.UN","CANADIAN APARTMENT PROPERTIES REAL","Real Estate","Equity","31,124,870.10","0.12","31,124,870.10","876,510.00","35.51","Canada","Toronto Stock Exchange","CAD","1.00","CAD"
"ATH","ATHABASCA OIL CORP","Energy","Equity","30,763,462.50","0.12","30,763,462.50","2,734,530.00","11.25","Canada","Toronto Stock Exchange","CAD","1.00","CAD"
"AC","AIR CANADA VOTING AND VARIABLE VOT","Industrials","Equity","30,289,826.88","0.11","30,289,826.88","1,671,624.00","18.12","Canada","Toronto Stock Exchange","CAD","1.00","CAD"
"ARIS","ARIS MINING CORP","Materials","Equity","30,237,037.11","0.11","30,237,037.11","1,170,617.00","25.83","Canada","Toronto Stock Exchange","CAD","1.00","CAD"
"IGM","IGM FINANCIAL INC","Financials","Equity","30,064,077.76","0.11","30,064,077.76","453,592.00","66.28","Canada","Toronto Stock Exchange","CAD","1.00","CAD"
"WFG","WEST FRASER TIMBER LTD","Materials","Equity","29,030,042.58","0.11","29,030,042.58","319,503.00","90.86","Canada","Toronto Stock Exchange","CAD","1.00","CAD"
"GEI","GIBSON ENERGY INC","Energy","Equity","28,980,056.56","0.11","28,980,056.56","976,417.00","29.68","Canada","Toronto Stock Exchange","CAD","1.00","CAD"
"SJ","STELLA JONES INC","Materials","Equity","28,950,427.74","0.11","28,950,427.74","310,161.00","93.34","Canada","Toronto Stock Exchange","CAD","1.00","CAD"
"SKE","SKEENA RESOURCES LTD","Materials","Equity","28,576,466.79","0.11","28,576,466.79","689,753.00","41.43","Canada","Toronto Stock Exchange","CAD","1.00","CAD"
"GRT.UN","GRANITE REAL ESTATE INVESTMENT STA","Real Estate","Equity","28,205,703.40","0.11","28,205,703.40","344,813.00","81.80","Canada","Toronto Stock Exchange","CAD","1.00","CAD"
"ACO.X","ATCO LTD CLASS I","Utilities","Equity","28,164,066.70","0.11","28,164,066.70","413,630.00","68.09","Canada","Toronto Stock Exchange","CAD","1.00","CAD"
"CG","CENTERRA GOLD INC","Materials","Equity","28,154,936.42","0.11","28,154,936.42","1,138,033.00","24.74","Canada","Toronto Stock Exchange","CAD","1.00","CAD"
"BYD","BOYD GROUP SERVICES INC","Industrials","Equity","28,130,966.36","0.11","28,130,966.36","158,404.00","177.59","Canada","Toronto Stock Exchange","CAD","1.00","CAD"
"TA","TRANSALTA CORP","Utilities","Equity","27,450,436.76","0.10","27,450,436.76","1,500,844.00","18.29","Canada","Toronto Stock Exchange","CAD","1.00","CAD"
"MDA","MDA SPACE LTD","Industrials","Equity","27,269,029.16","0.10","27,269,029.16","773,809.00","35.24","Canada","Toronto Stock Exchange","CAD","1.00","CAD"
"MAU","MONTAGE GOLD CORP","Materials","Equity","25,579,507.04","0.10","25,579,507.04","1,615,888.00","15.83","Canada","Toronto Stock Exchange","CAD","1.00","CAD"
"FCR.UN","FIRST CAPITAL REALTY REAL ESTATE I","Real Estate","Equity","24,913,372.68","0.09","24,913,372.68","1,208,214.00","20.62","Canada","Toronto Stock Exchange","CAD","1.00","CAD"
"SII","SPROTT INC","Financials","Equity","24,166,435.16","0.09","24,166,435.16","121,733.00","198.52","Canada","Toronto Stock Exchange","CAD","1.00","CAD"
"FVI","FORTUNA MINING CORP","Materials","Equity","23,954,735.55","0.09","23,954,735.55","1,732,085.00","13.83","Canada","Toronto Stock Exchange","CAD","1.00","CAD"
"CHP.UN","CHOICE PROPERTIES REAL ESTATE INVE","Real Estate","Equity","23,833,052.16","0.09","23,833,052.16","1,551,631.00","15.36","Canada","Toronto Stock Exchange","CAD","1.00","CAD"
"AAUC","ALLIED GOLD CORP","Materials","Equity","23,458,185.52","0.09","23,458,185.52","544,021.00","43.12","Canada","Toronto Stock Exchange","CAD","1.00","CAD"
"DML","DENISON MINES CORP","Energy","Equity","23,411,643.16","0.09","23,411,643.16","4,748,812.00","4.93","Canada","Toronto Stock Exchange","CAD","1.00","CAD"
"BTE","BAYTEX ENERGY CORP","Energy","Equity","23,173,947.30","0.09","23,173,947.30","3,725,715.00","6.22","Canada","Toronto Stock Exchange","CAD","1.00","CAD"
"SES","SECURE WASTE INFRASTRUCTURE CORP","Energy","Equity","22,141,666.91","0.08","22,141,666.91","1,014,277.00","21.83","Canada","Toronto Stock Exchange","CAD","1.00","CAD"
"KXS","KINAXIS INC","Information Technology","Equity","22,105,558.80","0.08","22,105,558.80","157,447.00","140.40","Canada","Toronto Stock Exchange","CAD","1.00","CAD"
"CEU","CES ENERGY SOLUTIONS CORP","Energy","Equity","22,011,419.43","0.08","22,011,419.43","1,195,623.00","18.41","Canada","Toronto Stock Exchange","CAD","1.00","CAD"
"ERO","ERO COPPER CORP","Materials","Equity","21,897,730.91","0.08","21,897,730.91","590,713.00","37.07","Canada","Toronto Stock Exchange","CAD","1.00","CAD"
"DOO","BRP SUBORDINATE VOTING INC","Consumer Discretionary","Equity","21,811,900.00","0.08","21,811,900.00","218,119.00","100.00","Canada","Toronto Stock Exchange","CAD","1.00","CAD"
"EDR","ENDEAVOUR SILVER CORP","Materials","Equity","21,763,202.56","0.08","21,763,202.56","1,676,672.00","12.98","Canada","Toronto Stock Exchange","CAD","1.00","CAD"
"USD","USD CASH","Cash and/or Derivatives","Cash","21,366,749.71","0.08","21,366,749.71","15,310,630.00","139.56","United States","-","CAD","0.72","USD"
"WDO","WESDOME GOLD MINES LTD","Materials","Equity","21,190,830.12","0.08","21,190,830.12","853,093.00","24.84","Canada","Toronto Stock Exchange","CAD","1.00","CAD"
"NG","NOVAGOLD RESOURCES INC","Materials","Equity","20,566,867.30","0.08","20,566,867.30","1,641,410.00","12.53","Canada","Toronto Stock Exchange","CAD","1.00","CAD"
"EFX","ENERFLEX LTD","Energy","Equity","20,161,469.40","0.08","20,161,469.40","692,834.00","29.10","Canada","Toronto Stock Exchange","CAD","1.00","CAD"
"DIR.UN","DREAM INDUSTRIAL REAL ESTATE INVES","Real Estate","Equity","20,103,909.55","0.08","20,103,909.55","1,625,215.00","12.37","Canada","Toronto Stock Exchange","CAD","1.00","CAD"
"TPZ","TOPAZ ENERGY CORP","Energy","Equity","20,045,837.96","0.08","20,045,837.96","648,313.00","30.92","Canada","Toronto Stock Exchange","CAD","1.00","CAD"
"PBH","PREMIUM BRANDS HOLDINGS CORP","Consumer Staples","Equity","20,003,336.41","0.07","20,003,336.41","243,557.00","82.13","Canada","Toronto Stock Exchange","CAD","1.00","CAD"
"SRU.UN","SMARTCENTRES RL ESTATE INVESTMENT","Real Estate","Equity","19,343,543.76","0.07","19,343,543.76","726,109.00","26.64","Canada","Toronto Stock Exchange","CAD","1.00","CAD"
"NGEX","NGEX MINERALS LTD","Materials","Equity","19,322,849.70","0.07","19,322,849.70","763,749.00","25.30","Canada","Toronto Stock Exchange","CAD","1.00","CAD"
"TFPM","TRIPLE FLAG PRECIOUS METALS CORP","Materials","Equity","19,313,189.70","0.07","19,313,189.70","399,859.00","48.30","Canada","Toronto Stock Exchange","CAD","1.00","CAD"
"SEA","SEABRIDGE GOLD INC","Materials","Equity","19,130,449.05","0.07","19,130,449.05","484,929.00","39.45","Canada","Toronto Stock Exchange","CAD","1.00","CAD"
"LNR","LINAMAR CORP","Consumer Discretionary","Equity","19,031,333.86","0.07","19,031,333.86","220,858.00","86.17","Canada","Toronto Stock Exchange","CAD","1.00","CAD"
"SVM","SILVERCORP METALS INC","Materials","Equity","18,642,867.76","0.07","18,642,867.76","1,246,181.00","14.96","Canada","Toronto Stock Exchange","CAD","1.00","CAD"
"TKO","TASEKO MINES LTD","Materials","Equity","18,500,872.71","0.07","18,500,872.71","2,053,371.00","9.01","Canada","Toronto Stock Exchange","CAD","1.00","CAD"
"ATS","ATS CORP","Industrials","Equity","18,285,191.40","0.07","18,285,191.40","466,340.00","39.21","Canada","Toronto Stock Exchange","CAD","1.00","CAD"
"BLX","BORALEX INC CLASS A","Utilities","Equity","18,193,335.52","0.07","18,193,335.52","496,543.00","36.64","Canada","Toronto Stock Exchange","CAD","1.00","CAD"
"PPTA","PERPETUA RESOURCES CORP","Materials","Equity","17,518,832.80","0.07","17,518,832.80","446,909.00","39.20","United States","Toronto Stock Exchange","CAD","1.00","CAD"
"EQB","EQB INC","Financials","Equity","16,825,230.48","0.06","16,825,230.48","150,926.00","111.48","Canada","Toronto Stock Exchange","CAD","1.00","CAD"
"VET","VERMILION ENERGY INC","Energy","Equity","16,604,785.62","0.06","16,604,785.62","866,186.00","19.17","Canada","Toronto Stock Exchange","CAD","1.00","CAD"
"BBUC","BROOKFIELD BUSINESS CORP CLASS A","Industrials","Equity","16,372,066.80","0.06","16,372,066.80","373,110.00","43.88","Canada","Toronto Stock Exchange","CAD","1.00","CAD"
"VNP","5N PLUS INC","Materials","Equity","16,068,729.60","0.06","16,068,729.60","507,220.00","31.68","Canada","Toronto Stock Exchange","CAD","1.00","CAD"
"HWX","HEADWATER EXPLORATION INC","Energy","Equity","16,054,815.70","0.06","16,054,815.70","1,249,402.00","12.85","Canada","Toronto Stock Exchange","CAD","1.00","CAD"
"AYA","AYA GOLD & SILVER INC","Materials","Equity","15,821,441.02","0.06","15,821,441.02","745,591.00","21.22","Canada","Toronto Stock Exchange","CAD","1.00","CAD"
"ARE","AECON GROUP INC","Industrials","Equity","15,254,796.60","0.06","15,254,796.60","364,860.00","41.81","Canada","Toronto Stock Exchange","CAD","1.00","CAD"
"RUS","RUSSEL METALS INC","Industrials","Equity","14,875,056.00","0.06","14,875,056.00","309,897.00","48.00","Canada","Toronto Stock Exchange","CAD","1.00","CAD"
"PXT","PAREX RESOURCES INC","Energy","Equity","14,793,154.54","0.06","14,793,154.54","541,081.00","27.34","Canada","Toronto Stock Exchange","CAD","1.00","CAD"
"NWC","NORTH WEST COMPANY INC","Consumer Staples","Equity","14,684,001.99","0.06","14,684,001.99","269,283.00","54.53","Canada","Toronto Stock Exchange","CAD","1.00","CAD"
"HR.UN","HANDR REAL ESTATE INVESTMENT TRUST","Real Estate","Equity","14,600,366.16","0.05","14,600,366.16","1,494,408.00","9.77","Canada","Toronto Stock Exchange","CAD","1.00","CAD"
"BEI.UN","BOARDWALK REAL ESTATE INVESTMENT T","Real Estate","Equity","14,336,107.10","0.05","14,336,107.10","227,738.00","62.95","Canada","Toronto Stock Exchange","CAD","1.00","CAD"
"BB","BLACKBERRY LTD","Information Technology","Equity","13,962,441.35","0.05","13,962,441.35","3,095,885.00","4.51","Canada","Toronto Stock Exchange","CAD","1.00","CAD"
"IPCO","INTERNATIONAL PETROLEUM CORP","Energy","Equity","13,958,415.52","0.05","13,958,415.52","372,026.00","37.52","Canada","Toronto Stock Exchange","CAD","1.00","CAD"
"FRU","FREEHOLD ROYALTIES LTD","Energy","Equity","13,510,177.56","0.05","13,510,177.56","777,788.00","17.37","Canada","Toronto Stock Exchange","CAD","1.00","CAD"
"POU","PARAMOUNT RESOURCE LTD CLASS A","Energy","Equity","13,016,961.14","0.05","13,016,961.14","438,134.00","29.71","Canada","Toronto Stock Exchange","CAD","1.00","CAD"
"MFI","MAPLE LEAF FOODS INC","Consumer Staples","Equity","12,687,510.00","0.05","12,687,510.00","422,917.00","30.00","Canada","Toronto Stock Exchange","CAD","1.00","CAD"
"BDT","BIRD CONSTRUCTION INC","Industrials","Equity","12,552,866.88","0.05","12,552,866.88","315,082.00","39.84","Canada","Toronto Stock Exchange","CAD","1.00","CAD"
"SIA","SIENNA SENIOR LIVING INC","Health Care","Equity","12,245,131.75","0.05","12,245,131.75","565,595.00","21.65","Canada","Toronto Stock Exchange","CAD","1.00","CAD"
"CCA","COGECO COMMUNICATIONS SUBORDINATE","Communication","Equity","12,135,716.40","0.05","12,135,716.40","171,894.00","70.60","Canada","Toronto Stock Exchange","CAD","1.00","CAD"
"BDGI","BADGER INFRASTRUCTURE SOLUTIONS LT","Industrials","Equity","11,939,535.96","0.04","11,939,535.96","192,449.00","62.04","Canada","Toronto Stock Exchange","CAD","1.00","CAD"
"RCH","RICHELIEU HARDWARE LTD","Industrials","Equity","11,839,842.72","0.04","11,839,842.72","289,908.00","40.84","Canada","Toronto Stock Exchange","CAD","1.00","CAD"
"BIR","BIRCHCLIFF ENERGY LTD","Energy","Equity","11,797,833.16","0.04","11,797,833.16","1,544,219.00","7.64","Canada","Toronto Stock Exchange","CAD","1.00","CAD"
"TSU","TRISURA GROUP LTD","Financials","Equity","11,720,880.92","0.04","11,720,880.92","269,198.00","43.54","Canada","Toronto Stock Exchange","CAD","1.00","CAD"
"PMZ.UN","PRIMARIS REAL ESTATE INVESTMENT UN","Real Estate","Equity","11,638,143.75","0.04","11,638,143.75","674,675.00","17.25","Canada","Toronto Stock Exchange","CAD","1.00","CAD"
"ABRA","ABRASILVER RESOURCE CORP","Materials","Equity","11,446,513.25","0.04","11,446,513.25","909,175.00","12.59","Canada","Toronto Stock Exchange","CAD","1.00","CAD"
"TVK","TERRAVEST INDUSTRIES INC","Energy","Equity","11,373,102.30","0.04","11,373,102.30","86,010.00","132.23","Canada","Toronto Stock Exchange","CAD","1.00","CAD"
"BHC","BAUSCH HEALTH COMPANIES INC","Health Care","Equity","11,187,707.04","0.04","11,187,707.04","1,487,727.00","7.52","Canada","Toronto Stock Exchange","CAD","1.00","CAD"
"KMP.UN","KILLAM APARTMENT REIT UNITS CLASS","Real Estate","Equity","11,001,991.00","0.04","11,001,991.00","689,780.00","15.95","Canada","Toronto Stock Exchange","CAD","1.00","CAD"
"AIF","ALTUS GROUP LTD","Real Estate","Equity","10,981,115.25","0.04","10,981,115.25","229,971.00","47.75","Canada","Toronto Stock Exchange","CAD","1.00","CAD"
"AAV","ADVANTAGE ENERGY LTD","Energy","Equity","10,672,295.74","0.04","10,672,295.74","950,338.00","11.23","Canada","Toronto Stock Exchange","CAD","1.00","CAD"
"LIF","LABRADOR IRON ORE ROYALTY CORP","Materials","Equity","10,673,183.68","0.04","10,673,183.68","364,024.00","29.32","Canada","Toronto Stock Exchange","CAD","1.00","CAD"
"IIP.UN","INTERRENT REAL ESTATE INVESTMENT T","Real Estate","Equity","10,565,607.78","0.04","10,565,607.78","796,803.00","13.26","Canada","Toronto Stock Exchange","CAD","1.00","CAD"
"NFI","NFI GROUP INC","Industrials","Equity","10,316,642.52","0.04","10,316,642.52","536,766.00","19.22","Canada","Toronto Stock Exchange","CAD","1.00","CAD"
"SCR","STRATHCONA RESOURCES LTD","Energy","Equity","10,277,271.76","0.04","10,277,271.76","243,884.00","42.14","Canada","Toronto Stock Exchange","CAD","1.00","CAD"
"LB","LAURENTIAN BANK OF CANADA","Financials","Equity","10,236,317.39","0.04","10,236,317.39","252,811.00","40.49","Canada","Toronto Stock Exchange","CAD","1.00","CAD"
"IAU","I GOLD CORP","Materials","Equity","9,963,877.87","0.04","9,963,877.87","4,722,217.00","2.11","Canada","Toronto Stock Exchange","CAD","1.00","CAD"
"CRR.UN","CROMBIE REAL ESTATE INVESTMENT TRU","Real Estate","Equity","9,815,065.32","0.04","9,815,065.32","621,994.00","15.78","Canada","Toronto Stock Exchange","CAD","1.00","CAD"
"VZLA","VIZSLA SILVER CORP","Materials","Equity","9,085,139.06","0.03","9,085,139.06","1,970,746.00","4.61","Canada","Toronto Stock Exchange","CAD","1.00","CAD"
"KEL","KELT EXPLORATION LTD","Energy","Equity","8,839,114.54","0.03","8,839,114.54","943,342.00","9.37","Canada","Toronto Stock Exchange","CAD","1.00","CAD"
"LSPD","LIGHTSPEED COMMERCE INC","Information Technology","Equity","8,772,849.72","0.03","8,772,849.72","705,213.00","12.44","Canada","Toronto Stock Exchange","CAD","1.00","CAD"
"AP.UN","ALLIED PROPERTIES REAL ESTATE INVT","Real Estate","Equity","8,752,570.02","0.03","8,752,570.02","953,439.00","9.18","Canada","Toronto Stock Exchange","CAD","1.00","CAD"
"MTL","MULLEN GROUP LTD","Industrials","Equity","8,659,081.76","0.03","8,659,081.76","506,972.00","17.08","Canada","Toronto Stock Exchange","CAD","1.00","CAD"
"USA","AMERICAS GOLD AND SILVER","Materials","Equity","8,429,005.20","0.03","8,429,005.20","1,161,020.00","7.26","Canada","Toronto Stock Exchange","CAD","1.00","CAD"
"PET","PET VALU HOLDINGS LTD","Consumer Discretionary","Equity","8,314,121.88","0.03","8,314,121.88","388,692.00","21.39","Canada","Toronto Stock Exchange","CAD","1.00","CAD"
"SPB","SUPERIOR PLUS CORP","Utilities","Equity","8,304,463.75","0.03","8,304,463.75","1,237,625.00","6.71","Canada","Toronto Stock Exchange","CAD","1.00","CAD"
"CURA","CURALEAF HLDGS SUBORDINATE VOTING","Health Care","Equity","8,272,749.00","0.03","8,272,749.00","2,757,583.00","3.00","United States","Toronto Stock Exchange","CAD","1.00","CAD"
"LAC","LITHIUM AMERICAS CORP","Materials","Equity","8,223,143.18","0.03","8,223,143.18","1,487,006.00","5.53","Canada","Toronto Stock Exchange","CAD","1.00","CAD"
"BITF","BITFARMS LTD","Information Technology","Equity","8,057,332.92","0.03","8,057,332.92","2,951,404.00","2.73","Canada","Toronto Stock Exchange","CAD","1.00","CAD"
"ASM","AVINO SILVER AND GOLD MINES LTD","Materials","Equity","8,011,114.63","0.03","8,011,114.63","907,261.00","8.83","Canada","Toronto Stock Exchange","CAD","1.00","CAD"
"JWEL","JAMIESON WELLNESS INC","Consumer Staples","Equity","7,913,169.60","0.03","7,913,169.60","230,034.00","34.40","Canada","Toronto Stock Exchange","CAD","1.00","CAD"
"CRT.UN","CT REIT UNITS TRUST","Real Estate","Equity","7,124,191.50","0.03","7,124,191.50","430,725.00","16.54","Canada","Toronto Stock Exchange","CAD","1.00","CAD"
"CJT","CARGOJET INC","Industrials","Equity","6,822,713.82","0.03","6,822,713.82","84,923.00","80.34","Canada","Toronto Stock Exchange","CAD","1.00","CAD"
"VITL.UN","VITAL INFRASTRUCTURE PROPERTY UNIT","Real Estate","Equity","6,652,472.64","0.02","6,652,472.64","1,259,938.00","5.28","Canada","Toronto Stock Exchange","CAD","1.00","CAD"
"WPK","WINPAK LTD","Materials","Equity","6,634,993.18","0.02","6,634,993.18","146,987.00","45.14","Canada","Toronto Stock Exchange","CAD","1.00","CAD"
"MLPFT","CASH COLLATERAL CAD MLPFT","Cash and/or Derivatives","Cash Collateral and Margins","3,115,000.00","0.01","3,115,000.00","3,115,000.00","100.00","Canada","-","CAD","1.00","CAD"
"GSY","GOEASY LTD","Financials","Equity","2,697,814.64","0.01","2,697,814.64","70,568.00","38.23","Canada","Toronto Stock Exchange","CAD","1.00","CAD"
"TCL.A","TRANSCONTINENTAL SUB VOTING INC CL","Materials","Equity","2,212,387.38","0.01","2,212,387.38","423,829.00","5.22","Canada","Toronto Stock Exchange","CAD","1.00","CAD"
"2299955D","CONSTELLATION SOFTWARE INC","Information Technology","Equity","0.61","0.00","0.61","60,915.00","0.00","Canada","Toronto Stock Exchange","CAD","1.00","CAD"
"PTM6","S&P/TSE 60 INDEX JUN 26","Cash and/or Derivatives","Futures","0.00","0.00","76,693,560.00","201.00","1,907.80","-","The Montreal Exchange / Bourse De Montreal","CAD","1.00","CAD"
 